{"mean": [0.0, 0.0, 0.01023494300865506, -0.09333161123757848, 0.020388575975330205, -0.21561455968304608, 0.023175260115851425, -0.31206826194501996, 0.02114554803054878, -0.3694416327109721, 0.030597016769098435, -0.38445716774603966, 0.03304377214069584, -0.5175235284887341, 0.028085971828088377, -0.5680445323670852, 0.026414816918505883, -0.6124988053659061, 0.02694064373461752, -0.3811519300162514, 0.02455933142931072, -0.5226744223651699, 0.020045682500473967, -0.5605472223060449, 0.016773920169072275, -0.5993787116060482, 0.021586497742498288, -0.34495176645886994, 0.021333718012548446, -0.4468864187127661, 0.016405724176536858, -0.41428034326210894, 0.01340901749437007, -0.39811763312291143, 0.015687435333722143, -0.28677346243039176, 0.015243005109656592, -0.36241287453387244, 0.013815716449543946, -0.3508734156299549, 0.014673295885981586, -0.3470623497080431], "scale": [1.0, 1.0, 0.23192505706050165, 0.12132293983328277, 0.3752495188943578, 0.24652093254603571, 0.43854900821312204, 0.35956383039019296, 0.47274295750335477, 0.444719355186716, 0.34292129240142666, 0.31448484659793113, 0.4432191324627969, 0.4579196520787141, 0.4517061666404068, 0.5132763233101014, 0.459178156679513, 0.5587610153851503, 0.2775375008114462, 0.3143965893883576, 0.3821056287288074, 0.4677144933080012, 0.38539909282406554, 0.5240387163032054, 0.3915444100901958, 0.5699790661012574, 0.2680524274055411, 0.30693279111947996, 0.3743128828727619, 0.43692463740557436, 0.3634396571899539, 0.46431225011178223, 0.35443762669011714, 0.49141678195675914, 0.3095394286210442, 0.29765169397095087, 0.4002463250897182, 0.3956874123050265, 0.41028740749468773, 0.4239032708648855, 0.41969576707108036, 0.450986834235392]}